2024-03-20 10:30:45,192.168.1.1,HTTP GET /login,200
2024-03-20 10:31:00,10.0.0.1,HTTPS POST /api/data,200
2024-03-20 10:32:33,10.0.0.1,HTTPS POST /api/account,200
2024-03-20 10:32:33,10.0.0.1,HTTPS POST /api/account,200
2024-03-20 10:32:33,10.0.0.1,HTTPS POST /api/account,200
2024-03-20 10:32:33,10.0.0.1,HTTPS POST /api/account,200
2024-03-20 10:32:33,10.0.0.1,HTTPS POST /api/account,200
2024-03-20 10:32:33,10.0.0.1,HTTPS POST /api/account,200
2024-03-20 10:32:33,10.0.0.1,HTTPS POST /api/account,200
2025-05-23 23:13:30,192.168.1.1,HTTP GET /login,200
2025-05-23 23:13:30,10.0.0.1,HTTPS POST /api/data,200
2025-05-23 23:13:30,345.67.89.10,HTTP POST /admin,403
2025-05-23 23:13:30,345.67.89.10,HTTP GET /admin,403
2025-05-23 23:13:30,345.67.89.10,HTTP GET /admin,403
2025-05-23 23:13:30,345.67.89.10,HTTP GET /admin,403
2025-05-23 23:13:30,123.45.67.89,HTTP GET /index.html,200
2025-05-23 23:13:30,98.76.54.32,HTTPS GET /login,200
2025-05-23 23:13:30,789.12.34.56,HTTP POST /login,401
